id	date	kind	source_status	formulation	current_mapping	lineage_status	note
ARCH-2026-04-27-LANGUAGE-STRUCTURE	2026-04-27	ARCHIVE-IDEA	ARCHIVE_ATTESTED	Y^(l) -> psi -> Lambda; mathematics treated as language-independent structure; translation may deform Lambda by delta-Lambda	M15-LANG,M16	SURVIVES	Direct precursor of separating language surface from relational/structural object; old spectral/field formalism is not required by current implementation
ARCH-2026-05-16-REPRESENTATION-LINEARIZATION	2026-05-16	ARCHIVE-IDEA	ARCHIVE_ATTESTED	Language response treated as secondary representation/linearization over a prior reconstructed state	M15-LANG	SURVIVES_PARTIALLY	Survives as interface-not-identity principle; old field notation is not retained
ARCH-2026-05-20-LOCAL-ATLASES	2026-05-20	ARCHIVE-IDEA	ARCHIVE_ATTESTED	Local semantic sectors/atlases can remain coherent without one global language-independent gluing	M17	SURVIVES_AS_BOUNDARY	Precursor of crossing lexical partitions; current fibre calculus replaces atlas/pseudospectral metaphor for this role
ARCH-2026-07-12-EDGE-TRANSPORT	2026-07-12	ARCHIVE-IDEA	ARCHIVE_ATTESTED	vertex = local state; edge = transition operator; flow = path; cycles test holonomy	M19-CROSSVIEW	SURVIVES_PARTIALLY	Typed relations remain primary; holonomy formalism is not required for CrossView
ARCH-2025-11-25-DENOTATION-LAYERS	2025-11-25	ARCHIVE-IDEA	CONVERSATION_RECOVERED	Denotatum author/book above title editions and sources such as scans, TXT and other languages; FRBR-like work -> expression -> manifestation -> item -> chunk layering	M15-LANG	SURVIVES_PARTIALLY	Recovered from archived conversation timestamps 2025-11-25; supports representation layers under one denotatum, not a universal ontology
ARCH-2026-06-01-OBJECT-RELATIONAL-IDENTITY	2026-06-01	ARCHIVE-IDEA	CONVERSATION_RECOVERED	Pulp Fiction watch witness: object = matter + history + relations + meaning; materially identical objects need not be interchangeable	M19-CROSSVIEW	SURVIVES_PARTIALLY	Recovered from archived conversation 2026-06-01; current memory keeps relations first-class but does not canonize the old four-term identity formula
ARCH-2026-09-06-PSI-LANG	2026-09-06	ARCHIVE-IDEA	CONVERSATION_RECOVERED	Natural language as interface rather than inference space; PSI-LANG maps natural language to formal task representation while preserving ambiguity as explicit multiplicity of formalizations	M15-LANG,M16	SURVIVES	Recovered from archived conversation 2026-09-06; M16 later sharpens explicit multiplicity into candidate fibres
M15-LANG	2026-09-29	CURRENT-RESULT	REPO_VERIFIED	language variation outside relational memory identity; lexical scopes may differ	M15-LANG	CURRENT	See docs/memory/PSI-MEMORY-M15-LANG-RESULT-01.md
M16	2026-09-29	CURRENT-RESULT	REPO_VERIFIED	lambda_L:s -> F_L(s); relational constraints monotonically refine lexical fibre	M16	CURRENT	See docs/memory/PSI-MEMORY-M16-RESULT-01.md
M17	2026-09-29	CURRENT-RESULT	REPO_VERIFIED	many crossing language-relative fibres over one relational world; stable monotone refinement	M17	CURRENT	See docs/memory/PSI-MEMORY-M17-RESULT-01.md
M19-CROSSVIEW	2026-09-29	CURRENT-RESULT	REPO_VERIFIED	object-first and relation-first projections over the same stored relations	M19-CROSSVIEW	CURRENT	See docs/memory/PSI-MEMORY-M19-CROSSVIEW-RESULT-01.md
