edge_id	from	relation	to	evidence_id
E-C58-C57	C58	HARD_DEPENDS_ON	C57	EV-C58-C57
E-II9-II7	II.9	HARD_DEPENDS_ON	II.7	EV-II9-DEP
E-II9-NOT-II8	II.9	NOT_DEPENDS_ON	II.8	EV-II9-NOTDEP
E-II9-NOFINITE	II.9	DOES_NOT_IMPLY	FINITE-MEMORY	EV-II9-LIMIT
E-II9-NOCOMPUTE	II.9	DOES_NOT_IMPLY	COMPUTABILITY	EV-II9-LIMIT
E-II9-NOEFFICIENT	II.9	DOES_NOT_IMPLY	EFFICIENCY	EV-II9-LIMIT
E-G4-FALSIFIES-PSK	GO-G4	FALSIFIES	PSK-MEMORY	EV-G4
E-G4-SUPPORTS-SSK	GO-G4	SUPPORTS	SSK-MEMORY	EV-G4
E-G4-REQUIRES-SSK	GO-G4	REQUIRES_CONTRACT	SSK-CONTRACT	EV-G4
E-II11-IDENT-NERODE	II.11.PSI-BRIDGE	IDENTIFIES_WITH	NERODE-EQUIVALENCE	EV-NERODE-ID
