field	value	invariant
constitutional_status	SUBORDINATE_EXECUTOR	access_steward_is_not_fifth_constitutional_role
parent_authority	GUARDIAN	guardian_owns_access_policy
policy_owner	GUARDIAN	steward_cannot_mint_or_modify_policy
executor	ACCESS_STEWARD	steward_executes_versioned_policy
presence_key	SESSION_ID	presence_is_session_scoped
single_session_location	AT_MOST_ONE_MAP	no_logical_teleport_or_simultaneous_location
capability	ENTER_MAP	enter_is_distinct_capability
capability	TRANSIT_TO_MAP	transit_is_distinct_capability
capability	ACT_IN_MAP	action_is_not_implied_by_entry
capability	EXPORT_FROM_MAP	export_is_not_implied_by_movement
capability	VIEW_TELEMETRY	telemetry_visibility_is_separate
legal_condition	POLICY	missing_policy_fail_closed
legal_condition	PURPOSE	declared_purpose_must_fit_policy
legal_condition	CAPABILITY	exact_capability_required
legal_condition	SOURCE_LOCATION	request_from_must_match_session_location
legal_condition	TARGET_STATE	target_map_must_exist_and_accept_transition
legal_condition	BUDGET	transition_must_fit_explicit_budget
cost_component	COMPUTE	cost_vector_is_multiaxial
cost_component	TRANSFER	cost_vector_is_multiaxial
cost_component	CONTEXT	cost_vector_is_multiaxial
cost_component	LATENCY	cost_vector_is_multiaxial
cost_component	DISCLOSURE	cost_vector_is_multiaxial
cost_component	SYNCHRONIZATION	cost_vector_is_multiaxial
cost_component	RISK	cost_vector_is_multiaxial
cross_map_cost	POSITIVE_L1	map_from_not_equal_map_to_implies_nonzero_cost
telemetry_class	T0_SESSION_LOCAL	telemetry_visibility_is_typed
telemetry_class	T1_SECURITY_RESTRICTED	telemetry_visibility_is_typed
telemetry_class	T2_AUDIT_DURABLE	telemetry_visibility_is_typed
telemetry_class	T3_AGGREGATED	telemetry_visibility_is_typed
may_act	CHECK_ACCESS	only_against_guardian_policy
may_act	ENTER	policy_and_capability_required
may_act	EXIT	movement_is_audited
may_act	TRANSIT	movement_is_audited_and_metered
may_act	METER_TRANSITION_COST	cost_is_not_hidden
may_act	APPEND_MOVEMENT_TELEMETRY	telemetry_is_auditable
may_act	DENY_ACCESS	fail_closed_allowed
may_act	STOP_ESCALATE	unknown_material_contract_stops
must_not	MINT_POLICY	no_self_authorization
must_not	MODIFY_POLICY	no_self_authorization
must_not	SELF_AUTHORIZE	no_self_authorization
must_not	DECLARE_DOMAIN_TRUTH	procedure_is_not_truth
must_not	EDIT_MAP_SEMANTIC_CONTENT	movement_is_not_content_authority
must_not	BYPASS_SERVANT_DURABLE_MUTATION	state_transition_authority_remains_servant
must_not	CLEAR_IMMUNE_QUARANTINE	health_authority_remains_immune
must_not	REWRITE_MOVEMENT_HISTORY	history_is_append_only
must_not	DISCLOSE_RESTRICTED_TELEMETRY_WITHOUT_CAPABILITY	telemetry_access_requires_own_capability
must_not	INFER_ACT_FROM_ENTER	enter_does_not_imply_action
must_not	INFER_EXPORT_FROM_TRANSIT	movement_does_not_imply_export
must_not	INFER_AUTHORIZATION_FROM_REACHABILITY	reachability_is_not_access
must_not	APPROVE_CURATOR_RESTRUCTURE	steward_executes_not_governs_restructure
