language	token	candidate_world_ids
PL	czasomierz	T-WR-ME-SI,T-WR-ME-AL,T-WR-ME-CH,T-WR-QU-SI,T-WR-QU-AL,T-WR-QU-CH,T-PO-ME-SI,T-PO-ME-AL,T-PO-ME-CH,T-PO-QU-SI,T-PO-QU-AL,T-PO-QU-CH,T-WA-ME-SI,T-WA-ME-AL,T-WA-ME-CH,T-WA-QU-SI,T-WA-QU-AL,T-WA-QU-CH,T-TA-ME-SI,T-TA-ME-AL,T-TA-ME-CH,T-TA-QU-SI,T-TA-QU-AL,T-TA-QU-CH
PL	zegarek	T-WR-ME-SI,T-WR-ME-AL,T-WR-ME-CH,T-WR-QU-SI,T-WR-QU-AL,T-WR-QU-CH,T-PO-ME-SI,T-PO-ME-AL,T-PO-ME-CH,T-PO-QU-SI,T-PO-QU-AL,T-PO-QU-CH
PL	zegar	T-WA-ME-SI,T-WA-ME-AL,T-WA-ME-CH,T-WA-QU-SI,T-WA-QU-AL,T-WA-QU-CH,T-TA-ME-SI,T-TA-ME-AL,T-TA-ME-CH,T-TA-QU-SI,T-TA-QU-AL,T-TA-QU-CH
PL	chronograf	T-WR-ME-CH,T-WR-QU-CH,T-PO-ME-CH,T-PO-QU-CH,T-WA-ME-CH,T-WA-QU-CH,T-TA-ME-CH,T-TA-QU-CH
PL	budzik	T-TA-ME-AL,T-TA-QU-AL
EN	timepiece	T-WR-ME-SI,T-WR-ME-AL,T-WR-ME-CH,T-WR-QU-SI,T-WR-QU-AL,T-WR-QU-CH,T-PO-ME-SI,T-PO-ME-AL,T-PO-ME-CH,T-PO-QU-SI,T-PO-QU-AL,T-PO-QU-CH,T-WA-ME-SI,T-WA-ME-AL,T-WA-ME-CH,T-WA-QU-SI,T-WA-QU-AL,T-WA-QU-CH,T-TA-ME-SI,T-TA-ME-AL,T-TA-ME-CH,T-TA-QU-SI,T-TA-QU-AL,T-TA-QU-CH
EN	watch	T-WR-ME-SI,T-WR-ME-AL,T-WR-ME-CH,T-WR-QU-SI,T-WR-QU-AL,T-WR-QU-CH
EN	pocket-watch	T-PO-ME-SI,T-PO-ME-AL,T-PO-ME-CH,T-PO-QU-SI,T-PO-QU-AL,T-PO-QU-CH
EN	clock	T-WA-ME-SI,T-WA-ME-AL,T-WA-ME-CH,T-WA-QU-SI,T-WA-QU-AL,T-WA-QU-CH,T-TA-ME-SI,T-TA-ME-AL,T-TA-ME-CH,T-TA-QU-SI,T-TA-QU-AL,T-TA-QU-CH
EN	chronograph	T-WR-ME-CH,T-WR-QU-CH,T-PO-ME-CH,T-PO-QU-CH,T-WA-ME-CH,T-WA-QU-CH,T-TA-ME-CH,T-TA-QU-CH
EN	alarm-clock	T-WA-ME-AL,T-WA-QU-AL,T-TA-ME-AL,T-TA-QU-AL
DE	Zeitmesser	T-WR-ME-SI,T-WR-ME-AL,T-WR-ME-CH,T-WR-QU-SI,T-WR-QU-AL,T-WR-QU-CH,T-PO-ME-SI,T-PO-ME-AL,T-PO-ME-CH,T-PO-QU-SI,T-PO-QU-AL,T-PO-QU-CH,T-WA-ME-SI,T-WA-ME-AL,T-WA-ME-CH,T-WA-QU-SI,T-WA-QU-AL,T-WA-QU-CH,T-TA-ME-SI,T-TA-ME-AL,T-TA-ME-CH,T-TA-QU-SI,T-TA-QU-AL,T-TA-QU-CH
DE	Uhr	T-WR-ME-SI,T-WR-ME-AL,T-WR-ME-CH,T-WR-QU-SI,T-WR-QU-AL,T-WR-QU-CH,T-PO-ME-SI,T-PO-ME-AL,T-PO-ME-CH,T-PO-QU-SI,T-PO-QU-AL,T-PO-QU-CH,T-WA-ME-SI,T-WA-ME-AL,T-WA-ME-CH,T-WA-QU-SI,T-WA-QU-AL,T-WA-QU-CH,T-TA-ME-SI,T-TA-ME-AL,T-TA-ME-CH,T-TA-QU-SI,T-TA-QU-AL,T-TA-QU-CH
DE	Armbanduhr	T-WR-ME-SI,T-WR-ME-AL,T-WR-ME-CH,T-WR-QU-SI,T-WR-QU-AL,T-WR-QU-CH
DE	Taschenuhr	T-PO-ME-SI,T-PO-ME-AL,T-PO-ME-CH,T-PO-QU-SI,T-PO-QU-AL,T-PO-QU-CH
DE	Wanduhr	T-WA-ME-SI,T-WA-ME-AL,T-WA-ME-CH,T-WA-QU-SI,T-WA-QU-AL,T-WA-QU-CH
DE	Tischuhr	T-TA-ME-SI,T-TA-ME-AL,T-TA-ME-CH,T-TA-QU-SI,T-TA-QU-AL,T-TA-QU-CH
DE	Chronograph	T-WR-ME-CH,T-WR-QU-CH,T-PO-ME-CH,T-PO-QU-CH,T-WA-ME-CH,T-WA-QU-CH,T-TA-ME-CH,T-TA-QU-CH
DE	Wecker	T-TA-ME-AL,T-TA-QU-AL
