object_id	POSITION	MECHANISM	FUNCTION	ENERGY	DISPLAY	MEASURES
T-WR-ME-SI	WRIST	MECHANICAL	SIMPLE	SPRING	ANALOG	TIME
T-WR-ME-AL	WRIST	MECHANICAL	ALARM	SPRING	ANALOG	TIME
T-WR-ME-CH	WRIST	MECHANICAL	CHRONO	SPRING	ANALOG	TIME
T-WR-QU-SI	WRIST	QUARTZ	SIMPLE	BATTERY	DIGITAL	TIME
T-WR-QU-AL	WRIST	QUARTZ	ALARM	BATTERY	DIGITAL	TIME
T-WR-QU-CH	WRIST	QUARTZ	CHRONO	BATTERY	DIGITAL	TIME
T-PO-ME-SI	POCKET	MECHANICAL	SIMPLE	SPRING	ANALOG	TIME
T-PO-ME-AL	POCKET	MECHANICAL	ALARM	SPRING	ANALOG	TIME
T-PO-ME-CH	POCKET	MECHANICAL	CHRONO	SPRING	ANALOG	TIME
T-PO-QU-SI	POCKET	QUARTZ	SIMPLE	BATTERY	DIGITAL	TIME
T-PO-QU-AL	POCKET	QUARTZ	ALARM	BATTERY	DIGITAL	TIME
T-PO-QU-CH	POCKET	QUARTZ	CHRONO	BATTERY	DIGITAL	TIME
T-WA-ME-SI	WALL	MECHANICAL	SIMPLE	SPRING	ANALOG	TIME
T-WA-ME-AL	WALL	MECHANICAL	ALARM	SPRING	ANALOG	TIME
T-WA-ME-CH	WALL	MECHANICAL	CHRONO	SPRING	ANALOG	TIME
T-WA-QU-SI	WALL	QUARTZ	SIMPLE	BATTERY	DIGITAL	TIME
T-WA-QU-AL	WALL	QUARTZ	ALARM	BATTERY	DIGITAL	TIME
T-WA-QU-CH	WALL	QUARTZ	CHRONO	BATTERY	DIGITAL	TIME
T-TA-ME-SI	TABLE	MECHANICAL	SIMPLE	SPRING	ANALOG	TIME
T-TA-ME-AL	TABLE	MECHANICAL	ALARM	SPRING	ANALOG	TIME
T-TA-ME-CH	TABLE	MECHANICAL	CHRONO	SPRING	ANALOG	TIME
T-TA-QU-SI	TABLE	QUARTZ	SIMPLE	BATTERY	DIGITAL	TIME
T-TA-QU-AL	TABLE	QUARTZ	ALARM	BATTERY	DIGITAL	TIME
T-TA-QU-CH	TABLE	QUARTZ	CHRONO	BATTERY	DIGITAL	TIME
