case_id	language	token	max_conflicts	observation_id	relation	allowed_values
E0	DE	Uhr	0	E0-POS	POSITION	WRIST
E0	DE	Uhr	0	E0-MECH	MECHANISM	QUARTZ
E0	DE	Uhr	0	E0-FUNC	FUNCTION	ALARM
U0	DE	Uhr	0	U0-POS	POSITION	WRIST,TABLE
U0	DE	Uhr	0	U0-MECH	MECHANISM	QUARTZ
U0	DE	Uhr	0	U0-FUNC	FUNCTION	ALARM
A0	DE	Uhr	1	A0-POS	POSITION	WRIST
A0	DE	Uhr	1	A0-MECH	MECHANISM	QUARTZ
A0	DE	Uhr	1	A0-FUNC	FUNCTION	ALARM
A0	DE	Uhr	1	A0-DISP	DISPLAY	ANALOG
N0	DE	Uhr	0	N-POS	POSITION	WRIST
N0	DE	Uhr	0	N-MECH	MECHANISM	QUARTZ
N0	DE	Uhr	0	N-FUNC	FUNCTION	ALARM
N0	DE	Uhr	0	N-DISP	DISPLAY	ANALOG
N0	DE	Uhr	0	N-ENERGY	ENERGY	BATTERY
N1	DE	Uhr	1	N-POS	POSITION	WRIST
N1	DE	Uhr	1	N-MECH	MECHANISM	QUARTZ
N1	DE	Uhr	1	N-FUNC	FUNCTION	ALARM
N1	DE	Uhr	1	N-DISP	DISPLAY	ANALOG
N1	DE	Uhr	1	N-ENERGY	ENERGY	BATTERY
N2	DE	Uhr	2	N-POS	POSITION	WRIST
N2	DE	Uhr	2	N-MECH	MECHANISM	QUARTZ
N2	DE	Uhr	2	N-FUNC	FUNCTION	ALARM
N2	DE	Uhr	2	N-DISP	DISPLAY	ANALOG
N2	DE	Uhr	2	N-ENERGY	ENERGY	BATTERY
